transition,vulnerability_score,naive_score,ot_weight_raw,ot_weight_normalized,p_value,n_genes,n_disease_genes,top_genes
Stromal_maturation,516.8474736100276,811.9049214592967,1.714723330302888,0.6365862060314396,0.0,1058,14,"ACTG2, SRSF7, NPHP3, DDOST, GINS2"
Epithelial_differentiation,378.55531731975555,882.556479270022,1.1553768892513103,0.42893041545949023,0.0,1153,18,"ACTG2, SRSF7, NPHP3, DDOST, GINS2"
Podocyte_specification,298.54782507672246,413.2197149838897,1.9461204259617215,0.7224917259534968,0.0,432,7,"ACTG2, SRSF7, NPHP3, DDOST, GINS2"
Stromal_overproliferation,180.5586847964337,180.5586847964337,2.693623132352638,1.0,0.0,874,53,"SUFU, GPR161, AMBRA1, IFT80, INTU"
TEC_overproliferation,10.020634333379348,159.74671877674433,0.16896630270672636,0.06272826390496189,1.0,764,49,"SUFU, GPR161, AMBRA1, IFT80, INTU"
