,IPC,Astro,EN,RG
IPC,0.9978202168173058,1.0252176035392649e-19,1.4895433110691844e-09,0.0021797816931508848
RG,1.0,0.0,0.0,6.175875390957206e-24
