transition,vulnerability_score,naive_score,n_tfs,ot_weight_raw,ot_weight_normalized,p_value,significant,top_tfs
Progenitor_maintenance,5.657112025700648,5.657112025700648,11,1.274812985807726,1.0,0.0777,False,"LHX2, SOX9, TBR1, HES1, HOPX"
Excitatory_neurogenesis,2.300233615136065,4.734044766847177,6,0.6194211984437639,0.48589181734079717,0.0005,True,"BACH2, BCL11B, ST18, TBR1, GLI3"
Ventral_overproliferation,0.00992303154124295,3.474075217816065,6,0.0036412595220976355,0.0028563087783346677,0.0949,False,"TBR1, ST18, ZEB2, PAX6, SOX1"
Interneuron_specification,0.0034383010206159104,0.9045809785026101,2,0.004845548264183926,0.003800987531605485,0.4577,False,"MYT1L, SOX5"
Cortical_overproliferation,0.0,0.0,0,0.5916799081769459,0.4641307507563986,1.0,False,
